[{
        "email": "koystupldd@gmail.com",
        "coin": 100,
        "status": 1,
        "banking": "987489",
        "namebanking": "mb bank",
        "date": 1699684131630,
        "type": 1,
        "id": 1699684131630
    },
    {
        "email": "koystupldd@gmail.com",
        "coin": 132,
        "status": 1,
        "banking": "987489",
        "namebanking": "mb bank",
        "date": 1699684422314,
        "type": 2,
        "id": 1699684422314
    },
    {
        "email": "koystupldd@gmail.com",
        "coin": 10000,
        "status": 1,
        "banking": "987489",
        "namebanking": "mb bank",
        "date": 1699684468342,
        "type": 1,
        "id": 1699684468342
    },
    {
        "email": "koystupldd@gmail.com",
        "coin": 10000,
        "status": 1,
        "banking": "987489",
        "namebanking": "mb bank",
        "date": 1699687062247,
        "type": 2,
        "id": 1699687062247
    },
    {
        "email": "koystupldd@gmail.com",
        "coin": 11111111,
        "status": 1,
        "banking": "987489",
        "namebanking": "mb bank",
        "date": 1699691692457,
        "type": 1,
        "id": 1699691692457
    },
    {
        "email": "koystupldd@gmail.com",
        "coin": 123123,
        "status": 1,
        "banking": "987489",
        "namebanking": "mb bank",
        "date": 1699709411613,
        "type": 1,
        "id": 1699709411613
    },
    {
        "email": "koystupldd@gmail.com",
        "coin": 100000,
        "status": 1,
        "banking": "464646465456",
        "namebanking": "MB BANK",
        "date": 1699709519875,
        "type": 1,
        "id": 1699709519875
    },
    {
        "email": "koystupldd@gmail.com",
        "coin": 1000,
        "status": 1,
        "banking": "464646465456",
        "namebanking": "MB BANK",
        "date": 1699711823057,
        "type": 1,
        "id": 1699711823057
    },
    {
        "email": "minh29071999@gmail.com",
        "coin": 122215,
        "status": 1,
        "banking": "wewqewq",
        "namebanking": "dwedwwewq",
        "date": 1699860755284,
        "type": 1,
        "id": 1699860755284
    },
    {
        "email": "tit@gmail.com",
        "coin": 19898,
        "status": 1,
        "banking": "012548545221",
        "namebanking": "MBBANK",
        "date": 1700040741299,
        "type": 1,
        "id": 1700040741299
    },
    {
        "email": "vinh@gmail.com",
        "coin": 2059.73,
        "status": 1,
        "banking": "22564650056465",
        "namebanking": "MBBANK",
        "date": 1700836322469,
        "type": 1,
        "id": 1700836322469
    },
    {
        "email": "vinh@gmail.com",
        "coin": 448.53,
        "status": 1,
        "banking": "22564650056465",
        "namebanking": "MBBANK",
        "date": 1700836448252,
        "type": 1,
        "id": 1700836448252
    },
    {
        "email": "xamlove99@gmail.com",
        "coin": 5200000,
        "status": 1,
        "banking": "12121",
        "namebanking": "12121",
        "date": 1700838413742,
        "type": 1,
        "id": 1700838413742
    },
    {
        "email": "xamlove99@gmail.com",
        "coin": 200000,
        "status": 1,
        "banking": "12121",
        "namebanking": "12121",
        "date": 1700838457418,
        "type": 2,
        "id": 1700838457418
    },
    {
        "email": "xamlove99@gmail.com",
        "coin": 555555,
        "status": 1,
        "banking": "12121",
        "namebanking": "12121",
        "date": 1700838503827,
        "type": 2,
        "id": 1700838503827
    },
    {
        "email": "xamlove99@gmail.com",
        "coin": 4444,
        "status": 1,
        "banking": "12121",
        "namebanking": "12121",
        "date": 1700838556589,
        "type": 2,
        "id": 1700838556589
    },
    {
        "email": "vinh@gmail.com",
        "coin": 308,
        "status": 1,
        "banking": "22564650056465",
        "namebanking": "MBBANK",
        "date": 1700838574715,
        "type": 2,
        "id": 1700838574715
    },
    {
        "email": "vinh@gmail.com",
        "coin": 25.09,
        "status": 1,
        "banking": "22564650056465",
        "namebanking": "MBBANK",
        "date": 1700838991715,
        "type": 1,
        "id": 1700838991715
    },
    {
        "email": "vinh@gmail.com",
        "coin": 7080.54,
        "status": 1,
        "banking": "22564650056465",
        "namebanking": "MBBANK",
        "date": 1700924154091,
        "type": 1,
        "id": 1700924154091
    },
    {
        "email": "vinh@gmail.com",
        "coin": -2060,
        "status": 1,
        "banking": "22564650056465",
        "namebanking": "MBBANK",
        "date": 1700924286935,
        "type": 1,
        "id": 1700924286935
    },
    {
        "email": "vinh@gmail.com",
        "coin": 2000,
        "status": 1,
        "banking": "22564650056465",
        "namebanking": "MBBANK",
        "date": 1700924403466,
        "type": 1,
        "id": 1700924403466
    },
    {
        "email": "vinh@gmail.com",
        "coin": 198,
        "status": 1,
        "banking": "22564650056465",
        "namebanking": "MBBANK",
        "date": 1700925069010,
        "type": 1,
        "id": 1700925069010
    },
    {
        "email": "vinh@gmail.com",
        "coin": 14145.21,
        "status": 1,
        "banking": "22564650056465",
        "namebanking": "MBBANK",
        "date": 1701180759348,
        "type": 1,
        "id": 1701180759348
    },
    {
        "email": "vinh@gmail.com",
        "coin": 290.28,
        "status": 0,
        "banking": "22564650056465",
        "namebanking": "MBBANK",
        "date": 1701181207108,
        "type": 1,
        "id": 1701181207108
    },
    {
        "email": "thuydung@gmail.com",
        "coin": 10000,
        "status": 1,
        "banking": "588884886",
        "namebanking": "MBbank",
        "date": 1701266114920,
        "type": 1,
        "id": 1701266114920
    },
    {
        "email": "thuydung@gmail.com",
        "coin": 18000,
        "status": 1,
        "banking": "588884886",
        "namebanking": "MBbank",
        "date": 1701442521965,
        "type": 2,
        "id": 1701442521965
    },
    {
        "email": "thuydung@gmail.com",
        "coin": 20000,
        "status": 1,
        "banking": "588884886",
        "namebanking": "MBbank",
        "date": 1701654894897,
        "type": 1,
        "id": 1701654894897
    },
    {
        "email": "koystupldd@gmail.com",
        "coin": 1000,
        "status": 1,
        "banking": "464646465456",
        "namebanking": "MB BANK",
        "date": 1701672642420,
        "type": 2,
        "id": 1701672642420
    },
    {
        "email": "koystupldd@gmail.com",
        "coin": 1000,
        "status": 1,
        "banking": "464646465456",
        "namebanking": "MB BANK",
        "date": 1701672662540,
        "type": 2,
        "id": 1701672662540
    },
    {
        "email": "koystupldd@gmail.com",
        "coin": 100000,
        "status": 1,
        "banking": "464646465456",
        "namebanking": "MB BANK",
        "date": 1701677488047,
        "type": 1,
        "id": 1701677488047
    },
    {
        "email": "hanvy.heaven@gmail.com",
        "coin": 102.97,
        "status": 1,
        "banking": "19039667257012",
        "namebanking": "Techcombank ",
        "date": 1701874685885,
        "type": 1,
        "id": 1701874685885
    },
    {
        "email": "tvu954123@gmail.com",
        "coin": 100,
        "status": 1,
        "banking": "rewrew",
        "namebanking": "ể",
        "date": 1701880010013,
        "type": 1,
        "id": 1701880010013
    },
    {
        "email": "tvu954123@gmail.com",
        "coin": 20,
        "status": 1,
        "banking": "rewrew",
        "namebanking": "ể",
        "date": 1701880083208,
        "type": 2,
        "id": 1701880083208
    },
    {
        "email": "Phatloc0888@gmail.com",
        "coin": 47254,
        "status": 1,
        "banking": "9880129898888",
        "namebanking": "MBBank",
        "date": 1701933421712,
        "type": 1,
        "id": 1701933421712
    },
    {
        "email": "Phatloc0888@gmail.com",
        "coin": 47254,
        "status": 1,
        "banking": "9880129898888",
        "namebanking": "MBBank",
        "date": 1701934729973,
        "type": 1,
        "id": 1701934729973
    },
    {
        "email": "hanvy.heaven@gmail.com",
        "coin": 102.97,
        "status": 1,
        "banking": "19039667257012",
        "namebanking": "Techcombank ",
        "date": 1701935183658,
        "type": 1,
        "id": 1701935183658
    },
    {
        "email": "hanvy.heaven@gmail.com",
        "coin": 10,
        "status": 1,
        "banking": "19039667257012",
        "namebanking": "Techcombank ",
        "date": 1701936180709,
        "type": 2,
        "id": 1701936180709
    },
    {
        "email": "Phatloc0888@gmail.com",
        "coin": 10,
        "status": 1,
        "banking": "9880129898888",
        "namebanking": "MBBank",
        "date": 1701936187763,
        "type": 2,
        "id": 1701936187763
    },
    {
        "email": "hanvy.heaven@gmail.com",
        "coin": 1.08,
        "status": 1,
        "banking": "19039667257012",
        "namebanking": "Techcombank ",
        "date": 1701936520681,
        "type": 1,
        "id": 1701936520681
    },
    {
        "email": "hanvy.heaven@gmail.com",
        "coin": 109.25,
        "status": 1,
        "banking": "19039667257012",
        "namebanking": "Techcombank ",
        "date": 1702029897830,
        "type": 1,
        "id": 1702029897830
    },
    {
        "email": "Phatloc0888@gmail.com",
        "coin": 54332.1,
        "status": 1,
        "banking": "9880129898888",
        "namebanking": "MBBank",
        "date": 1702030178770,
        "type": 1,
        "id": 1702030178770
    },
    {
        "email": "hanvy.heaven@gmail.com",
        "coin": 1.25,
        "status": 1,
        "banking": "19039667257012",
        "namebanking": "Techcombank ",
        "date": 1702030723003,
        "type": 1,
        "id": 1702030723003
    },
    {
        "email": "tvu954123@gmail.com",
        "coin": 20000,
        "status": 1,
        "banking": "rewrew",
        "namebanking": "ể",
        "date": 1702046772302,
        "type": 1,
        "id": 1702046772302
    },
    {
        "email": "xamlove99@gmail.com",
        "coin": 56456,
        "status": 1,
        "banking": "12121",
        "namebanking": "12121",
        "date": 1702103833838,
        "type": 1,
        "id": 1702103833838
    },
    {
        "email": "xamlove999@gmail.com",
        "coin": 121212121,
        "status": 1,
        "banking": "2121",
        "namebanking": "121",
        "date": 1702103853891,
        "type": 1,
        "id": 1702103853891
    }
]