[{
        "notification": true,
        "type": "Long",
        "coin": "54564.00",
        "date": 1699860785362,
        "email": "minh29071999@gmail.com",
        "nameCoin": "BTC",
        "minute": 1,
        "numInCre": 15,
        "people": "win",
        "profit": "8184.60",
        "priceOrder": "37029.95",
        "id": 1699860785464,
        "coinInitial": 122215
    },
    {
        "notification": true,
        "type": "Long",
        "coin": "130399.00",
        "date": 1699860848634,
        "email": "minh29071999@gmail.com",
        "nameCoin": "BTC",
        "minute": 1,
        "numInCre": 15,
        "people": "win",
        "profit": "19559.85",
        "priceOrder": "37026.97",
        "id": 1699860848706,
        "coinInitial": 130399.6
    },
    {
        "notification": true,
        "type": "Long",
        "coin": "19890.00",
        "date": 1700040703683,
        "email": "tit@gmail.com",
        "nameCoin": "BTC",
        "minute": 1,
        "numInCre": 15,
        "people": "win",
        "profit": "2983.50",
        "priceOrder": "35883.83",
        "id": 1700040786667,
        "coinInitial": 19898
    },
    {
        "notification": true,
        "type": "Long",
        "coin": "20000.00",
        "date": 1700040806901,
        "email": "tit@gmail.com",
        "nameCoin": "ETH",
        "minute": 1,
        "numInCre": 190,
        "people": "win",
        "profit": "38000.00",
        "priceOrder": "1993.34",
        "id": 1700040889883,
        "coinInitial": 22881.5
    },
    {
        "notification": true,
        "type": "Long",
        "coin": "2059.00",
        "date": 1700837061313,
        "email": "vinh@gmail.com",
        "nameCoin": "BTC",
        "minute": 1,
        "numInCre": 15,
        "people": "win",
        "profit": "308.85",
        "priceOrder": "37677.33",
        "id": 1700837060629,
        "coinInitial": 2508.26
    },
    {
        "notification": true,
        "type": "Long",
        "coin": "20000.00",
        "date": 1700838432275,
        "email": "xamlove99@gmail.com",
        "nameCoin": "BTC",
        "minute": 1,
        "numInCre": 15,
        "people": "win",
        "profit": "3000.00",
        "priceOrder": "37906.12",
        "id": 1700838435753,
        "coinInitial": 5200000
    },
    {
        "notification": true,
        "type": "Long",
        "coin": "961.00",
        "date": 1700924544112,
        "email": "vinh@gmail.com",
        "nameCoin": "BTC",
        "minute": 1,
        "numInCre": 15,
        "people": "win",
        "profit": "144.15",
        "priceOrder": "37678.12",
        "id": 1700924543488,
        "coinInitial": 9554.74
    },
    {
        "notification": true,
        "type": "Long",
        "coin": "8000.00",
        "date": 1700924662648,
        "email": "vinh@gmail.com",
        "nameCoin": "BTC",
        "minute": 1,
        "numInCre": 15,
        "people": "win",
        "profit": "1200.00",
        "priceOrder": "37685.60",
        "id": 1700924662027,
        "coinInitial": 9698.89
    },
    {
        "notification": true,
        "type": "Long",
        "coin": "25242.00",
        "date": 1701181036238,
        "email": "vinh@gmail.com",
        "nameCoin": "BTC",
        "minute": 1,
        "numInCre": 15,
        "people": "win",
        "profit": "3786.30",
        "priceOrder": "37366.20",
        "id": 1701181035525,
        "coinInitial": 25242.1
    },
    {
        "notification": true,
        "type": "Long",
        "coin": "3000.00",
        "date": 1701267452210,
        "email": "thuydung@gmail.com",
        "nameCoin": "DOGE",
        "minute": 1,
        "numInCre": 190,
        "people": "win",
        "profit": "5700.00",
        "priceOrder": "0.22",
        "id": 1701267448708,
        "coinInitial": 10000
    },
    {
        "notification": true,
        "type": "Long",
        "coin": "4710.00",
        "date": 1701267569146,
        "email": "thuydung@gmail.com",
        "nameCoin": "BTC",
        "minute": 1,
        "numInCre": 15,
        "people": "win",
        "profit": "706.50",
        "priceOrder": "38041.48",
        "id": 1701267565578,
        "coinInitial": 15700
    },
    {
        "notification": true,
        "type": "Long",
        "coin": "100.00",
        "date": 1701272189242,
        "email": "thuydung@gmail.com",
        "nameCoin": "BTC",
        "minute": 1,
        "numInCre": 15,
        "people": "win",
        "profit": "15.00",
        "priceOrder": "37760.36",
        "id": 1701272186396,
        "coinInitial": 16406.5
    },
    {
        "notification": true,
        "type": "Long",
        "coin": "1000.00",
        "date": 1701272416062,
        "email": "thuydung@gmail.com",
        "nameCoin": "BTC",
        "minute": 1,
        "numInCre": 15,
        "people": "win",
        "profit": "150.00",
        "priceOrder": "37814.58",
        "id": 1701272413055,
        "coinInitial": 16421.5
    },
    {
        "notification": true,
        "type": "Long",
        "coin": "100.00",
        "date": 1701299330072,
        "email": "thuydung@gmail.com",
        "nameCoin": "BTC",
        "minute": 1,
        "numInCre": 15,
        "people": "win",
        "profit": "15.00",
        "priceOrder": "37735.20",
        "id": 1701299326817,
        "coinInitial": 16571.5
    },
    {
        "notification": true,
        "type": "Short",
        "coin": "5000.00",
        "date": 1701321270443,
        "email": "thuydung@gmail.com",
        "nameCoin": "BTC",
        "minute": 1,
        "numInCre": 15,
        "people": "win",
        "profit": "750.00",
        "priceOrder": "37957.43",
        "id": 1701321271872,
        "coinInitial": 16471.5
    },
    {
        "notification": true,
        "type": "Long",
        "coin": "10000.00",
        "date": 1701321373683,
        "email": "thuydung@gmail.com",
        "nameCoin": "BTC",
        "minute": 1,
        "numInCre": 15,
        "people": "win",
        "profit": "1500.00",
        "priceOrder": "37947.08",
        "id": 1701321375123,
        "coinInitial": 17336.5
    },
    {
        "notification": true,
        "type": "Short",
        "coin": "1000.00",
        "date": 1701439275557,
        "email": "thuydung@gmail.com",
        "nameCoin": "BTC",
        "minute": 1,
        "numInCre": 15,
        "people": "win",
        "profit": "150.00",
        "priceOrder": "38362.52",
        "id": 1701439271775,
        "coinInitial": 18836.5
    },
    {
        "notification": true,
        "type": "Short",
        "coin": "3000.00",
        "date": 1701439795591,
        "email": "thuydung@gmail.com",
        "nameCoin": "BTC",
        "minute": 1,
        "numInCre": 15,
        "people": "win",
        "profit": "450.00",
        "priceOrder": "38285.58",
        "id": 1701439791822,
        "coinInitial": 18986.5
    },
    {
        "notification": true,
        "type": "Long",
        "coin": "500.00",
        "date": 1701440020844,
        "email": "thuydung@gmail.com",
        "nameCoin": "BTC",
        "minute": 1,
        "numInCre": 15,
        "people": "win",
        "profit": "75.00",
        "priceOrder": "38284.20",
        "id": 1701440017416,
        "coinInitial": 19436.5
    },
    {
        "notification": true,
        "type": "Long",
        "coin": "1000.00",
        "date": 1701501654054,
        "email": "thuydung@gmail.com",
        "nameCoin": "SOL",
        "minute": 1,
        "numInCre": 190,
        "people": "lose",
        "profit": "1900.00",
        "priceOrder": "62.34",
        "id": 1701501649385,
        "coinInitial": 1511.5
    },
    {
        "notification": true,
        "type": "Long",
        "coin": "500.00",
        "date": 1701654610541,
        "email": "thuydung@gmail.com",
        "nameCoin": "BTC",
        "minute": 1,
        "numInCre": 15,
        "people": "lose",
        "profit": "75.00",
        "priceOrder": "40757.71",
        "id": 1701654605303,
        "coinInitial": 511.5
    },
    {
        "notification": true,
        "type": "Long",
        "coin": "1000.00",
        "date": 1701667377937,
        "email": "thuydung@gmail.com",
        "nameCoin": "BTC",
        "minute": 1,
        "numInCre": 15,
        "people": "lose",
        "profit": "150.00",
        "priceOrder": "41300.14",
        "id": 1701667372606,
        "coinInitial": 20011.5
    },
    {
        "notification": true,
        "type": "Short",
        "coin": "1000.00",
        "date": 1701667487685,
        "email": "thuydung@gmail.com",
        "nameCoin": "BTC",
        "minute": 1,
        "numInCre": 15,
        "people": "lose",
        "profit": "150.00",
        "priceOrder": "41480.13",
        "id": 1701667482366,
        "coinInitial": 19011.5
    },
    {
        "notification": true,
        "type": "Long",
        "coin": "100.00",
        "date": 1701880051293,
        "email": "tvu954123@gmail.com",
        "nameCoin": "BTC",
        "minute": 1,
        "numInCre": 15,
        "people": "win",
        "profit": "15.00",
        "priceOrder": "43949.53",
        "id": 1701880050863,
        "coinInitial": 100
    },
    {
        "notification": true,
        "type": "Long",
        "coin": "95.00",
        "date": 1701880372379,
        "email": "tvu954123@gmail.com",
        "nameCoin": "SOL",
        "minute": 1,
        "numInCre": 190,
        "people": "win",
        "profit": "180.50",
        "priceOrder": "62.93",
        "id": 1701880371955,
        "coinInitial": 95
    },
    {
        "notification": true,
        "type": "Long",
        "coin": "47254.00",
        "date": 1701934365405,
        "email": "Phatloc0888@gmail.com",
        "nameCoin": "BTC",
        "minute": 1,
        "numInCre": 15,
        "people": "lose",
        "profit": "7088.10",
        "priceOrder": "43934.81",
        "id": 1701934366273,
        "coinInitial": 47254
    },
    {
        "notification": true,
        "type": "Long",
        "coin": "47254.00",
        "date": 1701934799549,
        "email": "Phatloc0888@gmail.com",
        "nameCoin": "BTC",
        "minute": 1,
        "numInCre": 15,
        "people": "win",
        "profit": "7088.10",
        "priceOrder": "43890.87",
        "id": 1701934800409,
        "coinInitial": 47254
    },
    {
        "notification": true,
        "type": "Long",
        "coin": "9.00",
        "date": 1702028990986,
        "email": "tvu954123@gmail.com",
        "nameCoin": "BTC",
        "minute": 1,
        "numInCre": 15,
        "people": "win",
        "profit": "1.35",
        "priceOrder": "43237.78",
        "id": 1702028991026,
        "coinInitial": 275.5
    },
    {
        "notification": true,
        "type": "Long",
        "coin": "54332.10",
        "date": 1702029687291,
        "email": "Phatloc0888@gmail.com",
        "nameCoin": "BTC",
        "minute": 1,
        "numInCre": 15,
        "people": "lose",
        "profit": "8149.81",
        "priceOrder": "43133.01",
        "id": 1702029689292,
        "coinInitial": 54332.1
    },
    {
        "notification": true,
        "type": "Long",
        "coin": "43000.00",
        "date": 1702030317729,
        "email": "Phatloc0888@gmail.com",
        "nameCoin": "BTC",
        "minute": 1,
        "numInCre": 15,
        "people": "win",
        "profit": "6450.00",
        "priceOrder": "43172.66",
        "id": 1702030316654,
        "coinInitial": 54332.1
    },
    {
        "notification": true,
        "type": "Long",
        "coin": "20000.00",
        "date": 1702046792221,
        "email": "tvu954123@gmail.com",
        "nameCoin": "BTC",
        "minute": 1,
        "numInCre": 15,
        "people": "win",
        "profit": "3000.00",
        "priceOrder": "43869.66",
        "id": 1702046794271,
        "coinInitial": 20276.85
    },
    {
        "type": "Long",
        "coin": "41000.00",
        "date": 1702103864693,
        "email": "xamlove999@gmail.com",
        "nameCoin": "BTC",
        "minute": 1,
        "numInCre": 15,
        "people": "lose",
        "profit": "6150.00",
        "priceOrder": "44255.51",
        "id": 1702103864432,
        "coinInitial": 121212121,
        "notification": true
    },
    {
        "type": "Long",
        "coin": "1111.00",
        "date": 1702104056907,
        "email": "xamlove999@gmail.com",
        "nameCoin": "BTC",
        "minute": 1,
        "numInCre": 15,
        "people": "win",
        "profit": "166.65",
        "priceOrder": "44227.37",
        "id": 1702104056655,
        "coinInitial": 121171121,
        "notification": true
    },
    {
        "type": "Long",
        "coin": "11.00",
        "date": 1702104236849,
        "email": "xamlove999@gmail.com",
        "nameCoin": "BTC",
        "minute": 2,
        "numInCre": 25,
        "people": "win",
        "profit": "2.75",
        "priceOrder": "44222.63",
        "id": 1702104236585,
        "coinInitial": 121170010,
        "notification": true
    },
    {
        "type": "Long",
        "coin": "111.00",
        "date": 1702104240335,
        "email": "xamlove999@gmail.com",
        "nameCoin": "BTC",
        "minute": 3,
        "numInCre": 35,
        "people": "win",
        "profit": "38.85",
        "priceOrder": "44222.64",
        "id": 1702104240082,
        "coinInitial": 121169999,
        "notification": true
    },
    {
        "type": "Long",
        "coin": "1111.00",
        "date": 1702104456739,
        "email": "xamlove999@gmail.com",
        "nameCoin": "BTC",
        "minute": 1,
        "numInCre": 15,
        "people": "win",
        "profit": "166.65",
        "priceOrder": "44221.13",
        "id": 1702104456468,
        "coinInitial": 121171329.25,
        "notification": true
    },
    {
        "type": "Long",
        "coin": "111.00",
        "date": 1702104460953,
        "email": "xamlove999@gmail.com",
        "nameCoin": "BTC",
        "minute": 1,
        "numInCre": 15,
        "people": "win",
        "profit": "16.65",
        "priceOrder": "44221.13",
        "id": 1702104460678,
        "coinInitial": 121170218.25,
        "notification": true
    },
    {
        "type": "Long",
        "coin": "111.00",
        "date": 1702104464001,
        "email": "xamlove999@gmail.com",
        "nameCoin": "BTC",
        "minute": 1,
        "numInCre": 15,
        "people": "win",
        "profit": "16.65",
        "priceOrder": "44221.14",
        "id": 1702104463728,
        "coinInitial": 121170107.25,
        "notification": true
    },
    {
        "type": "Long",
        "coin": "111.00",
        "date": 1702104466785,
        "email": "xamlove999@gmail.com",
        "nameCoin": "BTC",
        "minute": 1,
        "numInCre": 15,
        "people": "win",
        "profit": "16.65",
        "priceOrder": "44221.14",
        "id": 1702104466510,
        "coinInitial": 121169996.25,
        "notification": true
    },
    {
        "type": "Long",
        "coin": "111.00",
        "date": 1702104469614,
        "email": "xamlove999@gmail.com",
        "nameCoin": "BTC",
        "minute": 1,
        "numInCre": 15,
        "people": "win",
        "profit": "16.65",
        "priceOrder": "44221.13",
        "id": 1702104469339,
        "coinInitial": 121169885.25,
        "notification": true
    },
    {
        "type": "Long",
        "coin": "33.00",
        "date": 1702104639200,
        "email": "xamlove999@gmail.com",
        "nameCoin": "BTC",
        "minute": 1,
        "numInCre": 15,
        "people": "win",
        "profit": "4.95",
        "priceOrder": "44221.16",
        "id": 1702104638937,
        "coinInitial": 121169774.25,
        "notification": true
    },
    {
        "type": "Long",
        "coin": "333.00",
        "date": 1702104640564,
        "email": "xamlove999@gmail.com",
        "nameCoin": "BTC",
        "minute": 1,
        "numInCre": 15,
        "people": "win",
        "profit": "49.95",
        "priceOrder": "44221.16",
        "id": 1702104640294,
        "coinInitial": 121169774.25,
        "notification": true
    },
    {
        "type": "Long",
        "coin": "333.00",
        "date": 1702104641726,
        "email": "xamlove999@gmail.com",
        "nameCoin": "BTC",
        "minute": 1,
        "numInCre": 15,
        "people": "win",
        "profit": "49.95",
        "priceOrder": "44221.16",
        "id": 1702104641459,
        "coinInitial": 121169774.25,
        "notification": true
    },
    {
        "type": "Long",
        "coin": "2.00",
        "date": 1702104643443,
        "email": "xamlove999@gmail.com",
        "nameCoin": "BTC",
        "minute": 1,
        "numInCre": 15,
        "people": "win",
        "profit": "0.30",
        "priceOrder": "44221.16",
        "id": 1702104643172,
        "coinInitial": 121169774.25,
        "notification": true
    },
    {
        "type": "Long",
        "coin": "5234.00",
        "date": 1702104645563,
        "email": "xamlove999@gmail.com",
        "nameCoin": "BTC",
        "minute": 1,
        "numInCre": 15,
        "people": "win",
        "profit": "785.10",
        "priceOrder": "44221.16",
        "id": 1702104645291,
        "coinInitial": 121169774.25,
        "notification": true
    },
    {
        "type": "Long",
        "coin": "23.00",
        "date": 1702104647044,
        "email": "xamlove999@gmail.com",
        "nameCoin": "BTC",
        "minute": 1,
        "numInCre": 15,
        "people": "win",
        "profit": "3.45",
        "priceOrder": "44221.16",
        "id": 1702104646780,
        "coinInitial": 121169774.25,
        "notification": true
    },
    {
        "type": "Long",
        "coin": "430432.00",
        "date": 1702104648629,
        "email": "xamlove999@gmail.com",
        "nameCoin": "BTC",
        "minute": 1,
        "numInCre": 15,
        "people": "win",
        "profit": "64564.80",
        "priceOrder": "44221.17",
        "id": 1702104648357,
        "coinInitial": 121169774.25,
        "notification": true
    },
    {
        "type": "Long",
        "coin": "21.00",
        "date": 1702104746124,
        "email": "xamlove999@gmail.com",
        "nameCoin": "BTC",
        "minute": 1,
        "numInCre": 15,
        "people": "win",
        "profit": "3.15",
        "priceOrder": "44206.23",
        "id": 1702104745855,
        "coinInitial": 121169774.25,
        "notification": true
    },
    {
        "type": "Long",
        "coin": "121.00",
        "date": 1702104760757,
        "email": "xamlove999@gmail.com",
        "nameCoin": "BTC",
        "minute": 1,
        "numInCre": 15,
        "people": "win",
        "profit": "18.15",
        "priceOrder": "44203.06",
        "id": 1702104760490,
        "coinInitial": 121169774.25,
        "notification": true
    },
    {
        "type": "Long",
        "coin": "12.00",
        "date": 1702104762142,
        "email": "xamlove999@gmail.com",
        "nameCoin": "BTC",
        "minute": 1,
        "numInCre": 15,
        "people": "win",
        "profit": "1.80",
        "priceOrder": "44203.06",
        "id": 1702104761872,
        "coinInitial": 121169774.25,
        "notification": true
    },
    {
        "type": "Long",
        "coin": "21.00",
        "date": 1702104763342,
        "email": "xamlove999@gmail.com",
        "nameCoin": "BTC",
        "minute": 1,
        "numInCre": 15,
        "people": "lose",
        "profit": "3.15",
        "priceOrder": "44203.06",
        "id": 1702104763085,
        "coinInitial": 121169774.25,
        "notification": true
    },
    {
        "type": "Long",
        "coin": "21.00",
        "date": 1702104764300,
        "email": "xamlove999@gmail.com",
        "nameCoin": "BTC",
        "minute": 1,
        "numInCre": 15,
        "people": "win",
        "profit": "3.15",
        "priceOrder": "44203.06",
        "id": 1702104764033,
        "coinInitial": 121169774.25,
        "notification": true
    },
    {
        "type": "Long",
        "coin": "213.00",
        "date": 1702104766116,
        "email": "xamlove999@gmail.com",
        "nameCoin": "BTC",
        "minute": 1,
        "numInCre": 15,
        "people": "win",
        "profit": "31.95",
        "priceOrder": "44203.06",
        "id": 1702104765844,
        "coinInitial": 121169774.25,
        "notification": true
    },
    {
        "type": "Long",
        "coin": "1.00",
        "date": 1702104767604,
        "email": "xamlove999@gmail.com",
        "nameCoin": "BTC",
        "minute": 1,
        "numInCre": 15,
        "people": "lose",
        "profit": "0.15",
        "priceOrder": "44203.06",
        "id": 1702104767335,
        "coinInitial": 121169774.25,
        "notification": true
    },
    {
        "type": "Long",
        "coin": "23.00",
        "date": 1702104771392,
        "email": "xamlove999@gmail.com",
        "nameCoin": "BTC",
        "minute": 1,
        "numInCre": 15,
        "people": "win",
        "profit": "3.45",
        "priceOrder": "44203.06",
        "id": 1702104771122,
        "coinInitial": 121169774.25,
        "notification": true
    },
    {
        "type": "Long",
        "coin": "43.00",
        "date": 1702104772644,
        "email": "xamlove999@gmail.com",
        "nameCoin": "BTC",
        "minute": 1,
        "numInCre": 15,
        "people": "win",
        "profit": "6.45",
        "priceOrder": "44203.07",
        "id": 1702104772374,
        "coinInitial": 121169774.25,
        "notification": true
    },
    {
        "type": "Long",
        "coin": "54.00",
        "date": 1702104773756,
        "email": "xamlove999@gmail.com",
        "nameCoin": "BTC",
        "minute": 1,
        "numInCre": 15,
        "people": "win",
        "profit": "8.10",
        "priceOrder": "44203.07",
        "id": 1702104773484,
        "coinInitial": 121169774.25,
        "notification": true
    },
    {
        "type": "Long",
        "coin": "65.00",
        "date": 1702104774862,
        "email": "xamlove999@gmail.com",
        "nameCoin": "BTC",
        "minute": 1,
        "numInCre": 15,
        "people": "win",
        "profit": "9.75",
        "priceOrder": "44203.07",
        "id": 1702104774603,
        "coinInitial": 121169774.25,
        "notification": true
    },
    {
        "type": "Long",
        "coin": "76.00",
        "date": 1702104775916,
        "email": "xamlove999@gmail.com",
        "nameCoin": "BTC",
        "minute": 1,
        "numInCre": 15,
        "people": "win",
        "profit": "11.40",
        "priceOrder": "44218.13",
        "id": 1702104775645,
        "coinInitial": 121169774.25,
        "notification": true
    },
    {
        "type": "Long",
        "coin": "87.00",
        "date": 1702104777148,
        "email": "xamlove999@gmail.com",
        "nameCoin": "BTC",
        "minute": 1,
        "numInCre": 15,
        "people": "win",
        "profit": "13.05",
        "priceOrder": "44218.13",
        "id": 1702104776876,
        "coinInitial": 121169774.25,
        "notification": true
    },
    {
        "type": "Long",
        "coin": "56.00",
        "date": 1702104778442,
        "email": "xamlove999@gmail.com",
        "nameCoin": "BTC",
        "minute": 1,
        "numInCre": 15,
        "people": "win",
        "profit": "8.40",
        "priceOrder": "44218.13",
        "id": 1702104778204,
        "coinInitial": 121169774.25,
        "notification": true
    },
    {
        "type": "Long",
        "coin": "67.00",
        "date": 1702104780359,
        "email": "xamlove999@gmail.com",
        "nameCoin": "BTC",
        "minute": 1,
        "numInCre": 15,
        "people": "win",
        "profit": "10.05",
        "priceOrder": "44220.14",
        "id": 1702104780101,
        "coinInitial": 121169774.25,
        "notification": true
    },
    {
        "type": "Long",
        "coin": "244.00",
        "date": 1702105033422,
        "email": "xamlove999@gmail.com",
        "nameCoin": "BTC",
        "minute": 1,
        "numInCre": 15,
        "people": "lose",
        "profit": "36.60",
        "priceOrder": "44188.37",
        "id": 1702105033133,
        "coinInitial": 121237127.85000005,
        "notification": true
    },
    {
        "type": "Long",
        "coin": "2424.00",
        "date": 1702105035096,
        "email": "xamlove999@gmail.com",
        "nameCoin": "BTC",
        "minute": 1,
        "numInCre": 15,
        "people": "win",
        "profit": "363.60",
        "priceOrder": "44188.37",
        "id": 1702105034805,
        "coinInitial": 121237127.85000005,
        "notification": true
    },
    {
        "type": "Short",
        "coin": "222.00",
        "date": 1702105127011,
        "email": "koystupldd@gmail.com",
        "nameCoin": "BTC",
        "minute": 1,
        "numInCre": 15,
        "people": "lose",
        "profit": "33.30",
        "priceOrder": "44179.87",
        "id": 1702105127512,
        "coinInitial": 167545.85,
        "notification": true
    },
    {
        "type": "Long",
        "coin": "5465.00",
        "date": 1702105137052,
        "email": "koystupldd@gmail.com",
        "nameCoin": "BTC",
        "minute": 1,
        "numInCre": 15,
        "people": "win",
        "profit": "819.75",
        "priceOrder": "44179.87",
        "id": 1702105137563,
        "coinInitial": 167323.85,
        "notification": true
    },
    {
        "type": "Long",
        "coin": "12.00",
        "date": 1702105497782,
        "email": "xamlove999@gmail.com",
        "nameCoin": "BTC",
        "minute": 1,
        "numInCre": 15,
        "people": "lose",
        "profit": "1.80",
        "priceOrder": "44220.14",
        "id": 1702105497482,
        "coinInitial": 121237247.45000005,
        "notification": true
    },
    {
        "type": "Long",
        "coin": "222.00",
        "date": 1702105499601,
        "email": "xamlove999@gmail.com",
        "nameCoin": "BTC",
        "minute": 1,
        "numInCre": 15,
        "people": "lose",
        "profit": "33.30",
        "priceOrder": "44220.14",
        "id": 1702105499300,
        "coinInitial": 121237235.45000005,
        "notification": true
    },
    {
        "type": "Long",
        "coin": "2222.00",
        "date": 1702105501130,
        "email": "xamlove999@gmail.com",
        "nameCoin": "BTC",
        "minute": 1,
        "numInCre": 15,
        "people": "lose",
        "profit": "333.30",
        "priceOrder": "44220.13",
        "id": 1702105500828,
        "coinInitial": 121237013.45000005,
        "notification": true
    },
    {
        "type": "Long",
        "coin": "22222.00",
        "date": 1702105502595,
        "email": "xamlove999@gmail.com",
        "nameCoin": "BTC",
        "minute": 1,
        "numInCre": 15,
        "people": "win",
        "profit": "3333.30",
        "priceOrder": "44220.13",
        "id": 1702105502301,
        "coinInitial": 121234791.45000005,
        "notification": true
    },
    {
        "type": "Long",
        "coin": "123.00",
        "date": 1702106422330,
        "email": "xamlove999@gmail.com",
        "nameCoin": "BTC",
        "minute": 1,
        "numInCre": 15,
        "people": "win",
        "profit": "18.45",
        "priceOrder": "44173.17",
        "id": 1702106422032,
        "coinInitial": 121238124.75000004,
        "notification": true
    },
    {
        "type": "Long",
        "coin": "212.00",
        "date": 1702106673674,
        "email": "xamlove999@gmail.com",
        "nameCoin": "BTC",
        "minute": 1,
        "numInCre": 15,
        "people": "win",
        "profit": "31.80",
        "priceOrder": "44181.23",
        "id": 1702106673372,
        "coinInitial": 121238001.75000004,
        "notification": true
    },
    {
        "type": "Long",
        "coin": "2121.00",
        "date": 1702106702930,
        "email": "xamlove999@gmail.com",
        "nameCoin": "BTC",
        "minute": 1,
        "numInCre": 15,
        "people": "win",
        "profit": "318.15",
        "priceOrder": "44181.24",
        "id": 1702106702609,
        "coinInitial": 121237789.75000004,
        "notification": true
    },
    {
        "type": "Long",
        "coin": "1212.00",
        "date": 1702106704800,
        "email": "xamlove999@gmail.com",
        "nameCoin": "BTC",
        "minute": 1,
        "numInCre": 15,
        "people": "win",
        "profit": "181.80",
        "priceOrder": "44181.23",
        "id": 1702106704480,
        "coinInitial": 121235668.75000004,
        "notification": true
    },
    {
        "type": "Long",
        "coin": "2121.00",
        "date": 1702106728536,
        "email": "xamlove999@gmail.com",
        "nameCoin": "BTC",
        "minute": 1,
        "numInCre": 15,
        "people": "win",
        "profit": "318.15",
        "priceOrder": "44193.15",
        "id": 1702106728215,
        "coinInitial": 121234456.75000004,
        "notification": true
    },
    {
        "type": "Long",
        "coin": "1212.00",
        "date": 1702106730064,
        "email": "xamlove999@gmail.com",
        "nameCoin": "BTC",
        "minute": 1,
        "numInCre": 15,
        "people": "win",
        "profit": "181.80",
        "priceOrder": "44193.15",
        "id": 1702106729742,
        "coinInitial": 121232335.75000004,
        "notification": true
    },
    {
        "type": "Long",
        "coin": "111.00",
        "date": 1702106785950,
        "email": "koystupldd@gmail.com",
        "nameCoin": "BTC",
        "minute": 1,
        "numInCre": 15,
        "people": "win",
        "profit": "16.65",
        "priceOrder": "44193.15",
        "id": 1702106786434,
        "coinInitial": 168143.6,
        "notification": true
    },
    {
        "type": "Long",
        "coin": "45.00",
        "date": 1702106913493,
        "email": "xamlove999@gmail.com",
        "nameCoin": "BTC",
        "minute": 1,
        "numInCre": 15,
        "people": "win",
        "profit": "6.75",
        "priceOrder": "44183.61",
        "id": 1702106913186,
        "coinInitial": 121239174.90000005,
        "notification": true
    },
    {
        "type": "Long",
        "coin": "1111.00",
        "date": 1702107115647,
        "email": "koystupldd@gmail.com",
        "nameCoin": "BTC",
        "minute": 1,
        "numInCre": 15,
        "people": "win",
        "profit": "166.65",
        "priceOrder": "44160.14",
        "id": 1702107116130,
        "coinInitial": 168160.25,
        "notification": true
    },
    {
        "type": "Long",
        "coin": "6061959.08",
        "date": 1702108975879,
        "email": "xamlove999@gmail.com",
        "nameCoin": "BTC",
        "minute": 1,
        "numInCre": 15,
        "people": "win",
        "profit": "909293.86",
        "priceOrder": "44174.54",
        "id": 1702108981702,
        "coinInitial": 121239181.65000005,
        "notification": true
    },
    {
        "type": "Long",
        "coin": "32.00",
        "date": 1702109206695,
        "email": "xamlove999@gmail.com",
        "nameCoin": "BTC",
        "minute": 1,
        "numInCre": 15,
        "people": "win",
        "profit": "4.80",
        "priceOrder": "44168.14",
        "id": 1702109206317,
        "coinInitial": 122148475.50750005,
        "notification": true
    },
    {
        "type": "Long",
        "coin": "23276.85",
        "date": 1702111663739,
        "email": "tvu954123@gmail.com",
        "nameCoin": "BTC",
        "minute": 1,
        "numInCre": 15,
        "people": "win",
        "profit": "3491.53",
        "priceOrder": "43844.13",
        "id": 1702111662622,
        "coinInitial": 23276.85,
        "notification": true
    }
]