[{"type":"Long","coin":"2.00","date":1701673768277,"email":"1","nameCoin":"BTC","minute":1,"numInCre":15,"people":"lose","profit":"0.30","priceOrder":"41437.14","id":1701673768290,"coinInitial":999915},{"type":"Long","coin":"4.00","date":1701673769501,"email":"1","nameCoin":"BTC","minute":1,"numInCre":15,"people":"win","profit":"0.60","priceOrder":"41432.15","id":1701673769503,"coinInitial":999913},{"type":"Long","coin":"5.00","date":1701673770749,"email":"1","nameCoin":"BTC","minute":1,"numInCre":15,"people":"lose","profit":"0.75","priceOrder":"41432.15","id":1701673770751,"coinInitial":999909},{"type":"Long","coin":"2.00","date":1701673773581,"email":"1","nameCoin":"BTC","minute":1,"numInCre":15,"people":"win","profit":"0.30","priceOrder":"41428.85","id":1701673773584,"coinInitial":999904}]