[{
        "name": "DOGE",
        "trade24": "-1.87",
        "type": "increase"
    },
    {
        "name": "XRP",
        "trade24": "-1.87",
        "type": "decrease"
    },
    {
        "name": "CHZ",
        "trade24": "-1.87",
        "type": "decrease"
    },
    {
        "name": "FTM",
        "trade24": "-1.87",
        "type": "decrease"
    },
    {
        "name": "MATIC",
        "trade24": "-1.87",
        "type": "decrease"
    },
    {
        "name": "SAND",
        "trade24": "-1.87",
        "type": "decrease"
    },
    {
        "name": "APE",
        "trade24": "-1.87",
        "type": "decrease"
    },
    {
        "name": "SOL",
        "trade24": "-1.87",
        "type": "decrease"
    },
    {
        "name": "DOT",
        "trade24": "-1.87",
        "type": "decrease"
    },
    {
        "name": "AVAX",
        "trade24": "-1.87",
        "type": "decrease"
    },
    {
        "name": "UNI",
        "trade24": "-1.87",
        "type": "decrease"
    },
    {
        "name": "ATOM",
        "trade24": "-1.87",
        "type": "decrease"
    },
    {
        "name": "AXS",
        "trade24": "-1.87",
        "type": "decrease"
    },
    {
        "name": "ETC",
        "trade24": "-1.87",
        "type": "decrease"
    },
    {
        "name": "BNB",
        "trade24": "-1.87",
        "type": "decrease"
    },
    {
        "name": "LTC",
        "trade24": "-1.87",
        "type": "increase"
    },
    {
        "name": "ETH",
        "trade24": "-1.87",
        "type": "decrease"
    },
    {
        "name": "BTC",
        "trade24": "+1.87",
        "type": "increase"
    }
]