[{
        "name": "koystupldd@gmail.com",
        "email": "koystupldd@gmail.com",
        "password": "a12345678",
        "coin": 108812.45,
        "token": "eyJhbGciOiJIUzI1NiIsInR5cCI6IkpXVCJ9.eyJlbWFpbCI6ImtveXN0dXBsZGRAZ21haWwuY29tIiwicGFzc3dvcmQiOiJhMTIzNDU2NzgiLCJpYXQiOjE3MDA0NzczMzQsImV4cCI6MTcwMzA2OTMzNH0.H1Ekxxe7BZwDOZ0VRxp0R4hKEVWj17Ty8XciQaCVHxo",
        "banking": [{
            "BankAcc": "464646465456",
            "lang": "Vietnam (Việt nam)",
            "bankIns": "MB BANK",
            "realName": "ngads",
            "contactAdd": "65464",
            "contactPhone": "64646",
            "idnumber": "464654",
            "reMark": ""
        }],
        "vip": "",
        "securityCode": ""
    },
    {
        "name": "xamlove",
        "email": "minh29071999@gmail.com",
        "password": "12345678",
        "coin": 149959.45,
        "token": "eyJhbGciOiJIUzI1NiIsInR5cCI6IkpXVCJ9.eyJlbWFpbCI6Im1pbmgyOTA3MTk5OUBnbWFpbC5jb20iLCJwYXNzd29yZCI6IjEyMzQ1Njc4IiwiaWF0IjoxNjk5ODYwNTc1LCJleHAiOjE3MDI0NTI1NzV9.oRVyi2QfzTaQFRCrAl6VnBsHQWHiNcrpF25FgzH3-XI",
        "banking": [{
            "BankAcc": "wewqewq",
            "lang": "Vietnam (Việt nam)",
            "bankIns": "dwedwwewq",
            "realName": "wqewqe",
            "contactAdd": "erwer",
            "contactPhone": "ewrewrew",
            "idnumber": "werwerwe",
            "reMark": ""
        }],
        "vip": "",
        "securityCode": "111111"
    },
    {
        "name": "Jacky1988@gmail.com",
        "email": "Jacky1988@gmail.com",
        "password": "anhanh12",
        "coin": "",
        "token": "eyJhbGciOiJIUzI1NiIsInR5cCI6IkpXVCJ9.eyJlbWFpbCI6IkphY2t5MTk4OEBnbWFpbC5jb20iLCJwYXNzd29yZCI6ImFuaGFuaDEyIiwiaWF0IjoxNjk5OTQwODk5LCJleHAiOjE3MDI1MzI4OTl9.YyPcLvwLNGpxzYupN7HgiyR1ApMuNDAAz17E7TmEfKw",
        "banking": [],
        "vip": "",
        "securityCode": ""
    },
    {
        "name": "Loc88",
        "email": "Locnguyen88@gmail.com",
        "password": "Anh12345",
        "coin": "",
        "token": "eyJhbGciOiJIUzI1NiIsInR5cCI6IkpXVCJ9.eyJlbWFpbCI6IkxvY25ndXllbjg4QGdtYWlsLmNvbSIsInBhc3N3b3JkIjoiQW5oMTIzNDUiLCJpYXQiOjE3MDAwMzk5NDksImV4cCI6MTcwMjYzMTk0OX0.ulsWhWeAaQjs6l6kDahmpK68K7k2C9ZwS9YmH8Q8MPk",
        "banking": [{
            "BankAcc": "LPBank",
            "lang": "Vietnam (Việt nam)",
            "bankIns": "0948836105",
            "realName": "PHAM THI THUY DUNG",
            "contactAdd": "Ha Noi",
            "contactPhone": "0929999615",
            "idnumber": "001060022686",
            "reMark": ""
        }],
        "vip": "",
        "securityCode": "88888888"
    },
    {
        "name": "Loc88",
        "email": "Loctran88@gmail.com",
        "password": "Anh18081988",
        "coin": "",
        "token": "eyJhbGciOiJIUzI1NiIsInR5cCI6IkpXVCJ9.eyJlbWFpbCI6IkxvY3RyYW44OEBnbWFpbC5jb20iLCJwYXNzd29yZCI6IkFuaDE4MDgxOTg4IiwiaWF0IjoxNzAwMDQwNDk4LCJleHAiOjE3MDI2MzI0OTh9.VgblxEkYju5g9WFr51Z4NQ5vJg7QBohg7ysDpIOml7Y",
        "banking": [],
        "vip": "",
        "securityCode": ""
    },
    {
        "name": "tit@gmail.com",
        "email": "tit@gmail.com",
        "password": "12345678",
        "coin": 60881.5,
        "token": "eyJhbGciOiJIUzI1NiIsInR5cCI6IkpXVCJ9.eyJlbWFpbCI6InRpdEBnbWFpbC5jb20iLCJwYXNzd29yZCI6IjEyMzQ1Njc4IiwiaWF0IjoxNzAwMDQwNTQwLCJleHAiOjE3MDI2MzI1NDB9.s6akSfSDpZ6lITaSUED18bGyMVcH7om4zWbUjGRlN3k",
        "banking": [{
            "BankAcc": "012548545221",
            "lang": "Vietnam (Việt nam)",
            "bankIns": "MBBANK",
            "realName": "LUU ANH ANH",
            "contactAdd": "HA NOI",
            "contactPhone": "096645874112",
            "idnumber": "0010990242544",
            "reMark": ""
        }],
        "vip": "",
        "securityCode": "111111"
    },
    {
        "name": "koystupldd1@gmail.com",
        "email": "koystupldd1@gmail.com",
        "password": "12345678",
        "coin": "",
        "token": "eyJhbGciOiJIUzI1NiIsInR5cCI6IkpXVCJ9.eyJlbWFpbCI6ImtveXN0dXBsZGQxQGdtYWlsLmNvbSIsInBhc3N3b3JkIjoiMTIzNDU2NzgiLCJpYXQiOjE3MDA0NzM2MTMsImV4cCI6MTcwMzA2NTYxM30.mIsbJsS6lPL2dbj7oejDe4kUnKGuz_ldmWSgz787IZA",
        "banking": [],
        "vip": "",
        "securityCode": ""
    }
]